{"metadata":{"asset_id":"cac5b1e7-479a-4bef-b91f-5624d098da27","asset_attributes":["notebook"],"name":"Proyecto Capstone de la ciencia de datos aplicada","asset_type":"notebook","created_at":"2020-11-07T02:47:03Z","description":"","origin_country":"us","owner_id":"IBMid-550005FU5R","project_id":"e3298a6d-f0ba-4ef4-b31b-6da7dc0c956f","size":207,"tags":["notebook"],"usage":{"last_update_time":1604717637313,"last_updated_at":"2020-11-07T02:53:57Z"}},"entity":{"notebook":{"kernel":{"name":"python3","display_name":"Python 3.7","language":"python"},"originates_from":{"type":"blank"},"runtime":{"environment":"conda2py37-e3298a6d-f0ba-4ef4-b31b-6da7dc0c956f"}}},"attachments":[{"id":"b6e7afac-5c55-42cf-95a7-4beef3bc4db3","version":2,"asset_type":"notebook","name":"attachment for notebook cac5b1e7-479a-4bef-b91f-5624d098da27","description":"attachment for notebook cac5b1e7-479a-4bef-b91f-5624d098da27","mime":"application/json","datasource_type":"193a97c1-4475-4a19-b90c-295c4fdc6517","object_key":"notebook/Proyecto_Capstone_de_la_ciencia_de_datos_aplicada_rJSoKso4b.ipynb","creator_id":"IBMid-550005FU5R","create_time":1604717224593,"size":207,"is_remote":false,"is_managed":false,"is_referenced":true,"is_object_key_read_only":false,"is_user_provided_path_key":true,"transfer_complete":true,"is_partitioned":false,"complete_time_ticks":1604717224593,"user_data":{},"test_doc":0,"handle":{"bucket":"proyectocapstonedelacienciadedato-donotdelete-pr-twokjlgterdgb7","location":"us-geo","key":"notebook/Proyecto_Capstone_de_la_ciencia_de_datos_aplicada_rJSoKso4b.ipynb","upload_id":"done","max_part_num":1},"usage":{"access_count":0,"last_accessor_id":"IBMid-550005FU5R","last_access_time":1604717224593}}]}
